first_name,last_name,full_name,title,company,website,linkedin_url,hq_country,region,segment,icp_segment,tier,fit_score,top_signal,signal_date,signal_source,contact_source,confidence,est_blocks,why_now,cash_flow,jan_2027_ready
Joshua,Xu,Joshua Xu,Co-founder & CEO,HeyGen,https://www.heygen.com,,United States,US,Generative media & voice,Cash-positive fast movers,A,8,Passed $200M ARR (doubled in 8 months); profitable since Q2 2023; only $74M raised,2026-06,https://www.heygen.com/blog/heygen-surpasses-200m-arr,https://www.heygen.com/about,high,1-2,"Profitable, founder-led, trains its own avatar models; inference doubling every ~8 months",positive,yes
Rong,Yan,Rong Yan,CTO,HeyGen,https://www.heygen.com,,United States,US,Generative media & voice,Cash-positive fast movers,A,8,Passed $200M ARR (doubled in 8 months); profitable since Q2 2023; only $74M raised,2026-06,https://www.heygen.com/blog/heygen-surpasses-200m-arr,https://www.heygen.com/ai-research,medium,1-2,"Profitable, founder-led, trains its own avatar models; inference doubling every ~8 months",positive,yes
Wayne,Liang,Wayne Liang,Co-founder & Chief Innovation Officer,HeyGen,https://www.heygen.com,,United States,US,Generative media & voice,Cash-positive fast movers,A,8,Passed $200M ARR (doubled in 8 months); profitable since Q2 2023; only $74M raised,2026-06,https://www.heygen.com/blog/heygen-surpasses-200m-arr,https://www.forbes.com/sites/annatong/2025/11/06/heygen-rides-the-ai-video-boom-rocket/,medium,1-2,"Profitable, founder-led, trains its own avatar models; inference doubling every ~8 months",positive,yes
Tuhin,Srivastava,Tuhin Srivastava,Co-founder & CEO,Baseten,https://www.baseten.co,,United States,US,Inference platform (offtaker),Inference platforms,A,8,$1.5B Series F at $13B (June 2026); ~$600M annualized revenue (Mar 2026); runs 87 clusters across 18 clouds,2026-06,https://finance.yahoo.com/technology/ai/articles/baseten-raises-1-5-billion-130000555.html,https://www.crunchbase.com/person/tuhin-srivastava,high,2-10,Buys capacity from many clouds and adds clusters continuously; can sign quickly,unknown,yes
Amir,Haghighat,Amir Haghighat,Co-founder & CTO,Baseten,https://www.baseten.co,,United States,US,Inference platform (offtaker),Inference platforms,A,8,$1.5B Series F at $13B (June 2026); ~$600M annualized revenue (Mar 2026); runs 87 clusters across 18 clouds,2026-06,https://finance.yahoo.com/technology/ai/articles/baseten-raises-1-5-billion-130000555.html,https://www.baseten.co/about-us/,medium,2-10,Buys capacity from many clouds and adds clusters continuously; can sign quickly,unknown,yes
Lin,Qiao,Lin Qiao,Co-founder & CEO,Fireworks AI,https://fireworks.ai,,United States,US,Inference platform (offtaker),Inference platforms,A,8,$1.505B Series D at $17.5B; passed $1B ARR (5x YoY); does not own its GPU fleet,2026-07-16,https://fortune.com/press-releases/fireworks-raises-1-5b-series-d-reaches-1b-arr-2026-07-16/,https://siliconvalleyinvestclub.com/companies/fireworks-ai/team/lin-qiao/,high,2-10,"Sources all capacity from third parties, so it is exposed to allocation shortages",unknown,yes
Burkay,Gur,Burkay Gur,Co-founder & CEO,fal,https://fal.ai,,United States,US,Inference platform (offtaker),Inference platforms,B,7,~$400M annualized revenue (Mar 2026); raising at ~$8B after $140M Series D,2026-03,https://app.dealroom.co/news/note/fal-targets-8b-valuation-in-new-raise-as-ai-inference-revenue-doubles-to-400m,https://research.contrary.com/company/fal-ai,high,1-4,Generative-media inference demand doubling in months,unknown,yes
Gorkem,Yurtseven,Gorkem Yurtseven,Co-founder & CTO,fal,https://fal.ai,,United States,US,Inference platform (offtaker),Inference platforms,B,7,~$400M annualized revenue (Mar 2026); raising at ~$8B after $140M Series D,2026-03,https://app.dealroom.co/news/note/fal-targets-8b-valuation-in-new-raise-as-ai-inference-revenue-doubles-to-400m,https://slush.org/program/gorkem-yurtseven,medium,1-4,Generative-media inference demand doubling in months,unknown,yes
Zhen,Lu,Zhen Lu,Co-founder & CEO,RunPod,https://www.runpod.io,,United States,US,Inference platform (offtaker),Inference platforms,B,7,"$100M round at $1B (24 Jun 2026); ~$240M annualized revenue; deploying ~3,000 GPUs per quarter ($1.0-1.2B 2026 capex)",2026-06-24,https://sacra.com/c/runpod/,https://www.runpod.io/blog/founder-series-1-origin-story,high,2-6,Needs new powered capacity every quarter; operates near breakeven,near breakeven,yes
Pardeep,Singh,Pardeep Singh,Co-founder & CTO,RunPod,https://www.runpod.io,,United States,US,Inference platform (offtaker),Inference platforms,B,7,"$100M round at $1B (24 Jun 2026); ~$240M annualized revenue; deploying ~3,000 GPUs per quarter ($1.0-1.2B 2026 capex)",2026-06-24,https://sacra.com/c/runpod/,https://www.runpod.io/blog/founder-series-1-origin-story,medium,2-6,Needs new powered capacity every quarter; operates near breakeven,near breakeven,yes
,,,,Photoroom,https://www.photoroom.com,,France,Europe,Generative media & voice,Cash-positive fast movers,C,5,Profitable; trains its own PRX image models on H200s; ~$94M ARR (2024 est.),2026,https://sacra.com/c/photoroom/,,,<1,"Profitable and fast, but current training runs are small; a watch-list account",positive,maybe
